{
  "accuracy": 0.8947368421052632,
  "precision_macro": 0.903030303030303,
  "recall_macro": 0.8974358974358975,
  "f1_macro": 0.8968253968253969,
  "roc_auc_macro": 0.9887179487179486
}